{
  "instances": [
    {
      "id": "742",
      "x1": 0.8212626017058327,
      "x2": 1.3436097250269787,
      "x3": 2.218342650483472,
      "x4": 1.8345322125875887,
      "x5": 0.21693878700316338,
      "x6": -0.8931694258126613,
      "x7": -1.12277759374786,
      "x8": -2.9364260841054546
    }
  ]
}