{
  "instances": [
    {
      "id": "2608",
      "x1": 0.0778846002011968,
      "x2": -0.5367962857405588
    }
  ]
}