{
  "instances": [
    {
      "id": "1801",
      "x1": 0.697870928369924,
      "x2": 0.6860866940098035
    }
  ]
}